,Название,Цена,Описание
0,"Телевизор 22"" BQ2203B",11990, Производитель: NNM Наличие: Есть в наличии 
1,"Телевизор 24"" BQ2402B",10990, Производитель: NNM Наличие: Есть в наличии 
2,"Телевизор 24"" DOFFLER 24GH29",10990, Производитель: DOFFLER Наличие: Есть в наличии 
3,"Телевизор 24"" DOFFLER 24KH29",9990, Производитель: NNM Наличие: Есть в наличии 
4,"Телевизор 24"" PRESTIGIO PTV24SN04Z CIS BK",10990, Производитель: NNM Наличие: Есть в наличии 
5,"Телевизор 24"" SmartTV DOFFLER 24GHS57",14990, Производитель: DOFFLER Наличие: Есть в наличии 
6,"Телевизор 32"" AМCV LE-32ZTH09",12990, Производитель: AMCV Наличие: Есть в наличии 
7,"Телевизор 32"" BLACKTON BT3202B",12990, Производитель: blackton Наличие: Есть в наличии 
8,"Телевизор 32"" DOFFLER 32KH29",9990, Производитель: NNM Наличие: Есть в наличии 
9,"Телевизор 32"" HYUNDAI H-LED32BT3001",11990, Производитель: NNM Наличие: Есть в наличии 
10,"Телевизор 32"" PHILIPS 32PHS5505/60",16990, Производитель: NNM Наличие: Есть в наличии 
11,"Телевизор 32"" POLAR P32L23T2C",12990, Производитель: NNM Наличие: Есть в наличии 
12,"Телевизор 32"" PRESTIGIO PTV32SN04Z CIS BK",12990, Производитель: PRESTIGIO Наличие: Есть в наличии 
13,"Телевизор 32"" PRESTIGIO PTV32SN04Z CIS ML",13590, Производитель: PRESTIGIO Наличие: Есть в наличии 
14,"Телевизор 32"" Smart TV ECON EX-32HS018B",14990, Производитель: NNM Наличие: Есть в наличии 
15,"Телевизор 32"" SmartTV AМCV LE-32ZTHS27",13990, Производитель: NNM Наличие: Есть в наличии 
16,"Телевизор 32"" SmartTV BQ32S01B",13990, Производитель: BQ Наличие: Есть в наличии 
17,"Телевизор 32"" SmartTV DOFFLER 32GHS 57",12990, Производитель: DOFFLER Наличие: Есть в наличии 
18,"Телевизор 32"" SmartTV DOFFLER 32GHS 67",16990, Доставим на дом по Новосибирску и Томску  Производитель: DOFFLER Наличие: Есть в наличии 
19,"Телевизор 32"" SmartTV DOFFLER 32KHS 67 Wi-Fi",14990, Производитель: NNM Наличие: Есть в наличии 
20,"Телевизор 32"" SmartTV PRESTIGIO PTV32SS04Z CIS ML",16990, Производитель: NNM Наличие: Есть в наличии 
21,"Телевизор 40"" DOFFLER 40GF29",15990, Производитель: NNM Наличие: Есть в наличии 
22,"Телевизор 40"" DOFFLER 40KF29",15990, Производитель: NNM Наличие: Есть в наличии 
23,"Телевизор 40"" SmartTV DOFFLER 40GFS67",19990, Доставим на дом по Новосибирску и Томску  Производитель: DOFFLER Наличие: Есть в наличии 
24,"Телевизор 40"" SmartTV DOFFLER 40KFS57",17990, Производитель: NNM Наличие: Есть в наличии 
25,"Телевизор 43"" Smart TV HYUNDAI H-LED43BU7003",22990, Производитель: NNM Наличие: Есть в наличии 
26,"Телевизор 43"" SmartTV DOFFLER 43KUS65 4К",21990, Производитель: DOFFLER Наличие: Есть в наличии 
27,"Телевизор 50"" SmartTV DOFFLER 50KUS65 4К",26990, Производитель: NNM Наличие: Есть в наличии 
28,Телевизор в авто TV,3600, Производитель: NNM Наличие: Есть в наличии 
29,"Телевизор 15"" SUPRA STV-LC15410WL",6990, Доставим на дом по Новосибирску и Томску  Производитель: SUPRA Наличие: Нет в наличии 
30,"Телевизор 15"" XPX EA158D",4500, Доставим на дом по Новосибирску и Томску  Производитель: XPX Наличие: Нет в наличии 
31,"Телевизор 20"" ОКЕАН HD20J3401",8595, Доставим на дом по Новосибирску и Томску  Производитель: ОКЕАН Наличие: Нет в наличии 
32,"Телевизор 22"" AМCV LE-22ZTF14",6590, Доставим на дом по Новосибирску и Томску  Производитель: AMCV Наличие: Нет в наличии 
33,"Телевизор 22"" DOFFLER 22CF 14-T2",8590, Доставим на дом по Новосибирску и Томску  Производитель: DOFFLER Наличие: Нет в наличии 
34,"Телевизор 22"" HARPER 22F470",6990, Доставим на дом по Новосибирску и Томску  Производитель: HARPER Наличие: Нет в наличии 
35,"Телевизор 24"" AМCV LE-24ZTH07",6990, Доставим на дом по Новосибирску и Томску  Производитель: AMCV Наличие: Нет в наличии 
36,"Телевизор 24"" AМCV LE-24ZTH09",8990, Доставим на дом по Новосибирску и Томску  Производитель: AMCV Наличие: Нет в наличии 
37,"Телевизор 24"" AМCV LE-24ZTH15",6990, Доставим на дом по Новосибирску и Томску  Производитель: AMCV Наличие: Нет в наличии 
38,"Телевизор 24"" BBK 24LEM-1070/T2C",15990, Производитель: NNM Наличие: Нет в наличии 
39,"Телевизор 24"" BLACKTON BT2401B",13990, Производитель: NNM Наличие: Нет в наличии 
40,"Телевизор 24"" BQ2401B",12995, Производитель: NNM Наличие: Нет в наличии 
41,"Телевизор 24"" DOFFLER 24CH 19-T2",9190, Доставим на дом по Новосибирску и Томску  Производитель: DOFFLER Наличие: Нет в наличии 
42,"Телевизор 24"" DOFFLER 24CH 29-T2",7990, Доставим на дом по Новосибирску и Томску  Производитель: DOFFLER Наличие: Нет в наличии 
43,"Телевизор 24"" DOFFLER 24EH46",10990, Доставим на дом по Новосибирску и Томску  Производитель: DOFFLER Наличие: Нет в наличии 
44,"Телевизор 24"" HYUNDAI H-LED24FT2000",10995, Производитель: NNM Наличие: Нет в наличии 
45,"Телевизор 24"" SmartTV AМCV LE-24ZTHS21",9550, Доставим на дом по Новосибирску и Томску  Производитель: AMCV Наличие: Нет в наличии 
46,"Телевизор 24"" SmartTV DOFFLER 24KHS57",10590, Производитель: NNM Наличие: Нет в наличии 
47,"Телевизор 24"" YASIN LED-24E59T",7000, Доставим на дом по Новосибирску и Томску  Производитель: YASIN Наличие: Нет в наличии 
48,"Телевизор 24"" YASIN LED-24E66T",7990, Доставим на дом по Новосибирску и Томску  Производитель: YASIN Наличие: Нет в наличии 
49,"Телевизор 28"" BQ2801B",12990, Производитель: NNM Наличие: Нет в наличии 
50,"Телевизор 32"" AМCV LE-32ZTH06",8995, Доставим на дом по Новосибирску и Томску  Производитель: AМCV Наличие: Нет в наличии 
51,"Телевизор 32"" AМCV LE-32ZTH07",15990, Доставим на дом по Новосибирску и Томску  Производитель: AMCV Наличие: Нет в наличии 
52,"Телевизор 32"" AМCV LE-32ZTH11",8490, Доставим на дом по Новосибирску и Томску  Производитель: AMCV Наличие: Нет в наличии 
53,"Телевизор 32"" AМCV LE-32ZTH15",8995, Доставим на дом по Новосибирску и Томску  Производитель: AMCV Наличие: Нет в наличии 
54,"Телевизор 32"" BQ3203B",14990, Производитель: BQ Наличие: Нет в наличии 
55,"Телевизор 32"" BQ3204B V3",15990, Производитель: BQ Наличие: Нет в наличии 
56,"Телевизор 32"" BQ3208B",15990, Производитель: BQ Наличие: Нет в наличии 
57,"Телевизор 32"" BQ3221W",14999, Производитель: BQ Наличие: Нет в наличии 
58,"Телевизор 32"" DENN LE32DE80BH",10995, Доставим на дом по Новосибирску и Томску  Производитель: DENN Наличие: Нет в наличии 
59,"Телевизор 32"" DENN LE43DE87SF",22990, Производитель: NNM Наличие: Нет в наличии 
60,"Телевизор 32"" DOFFLER 32DH 46-T2",9990, Доставим на дом по Новосибирску и Томску  Производитель: DOFFLER Наличие: Нет в наличии 
61,"Телевизор 32"" DOFFLER 32DH 48-T2W белый",9990, Доставим на дом по Новосибирску и Томску  Производитель: DOFFLER Наличие: Нет в наличии 
62,"Телевизор 32"" DOFFLER 32DH 49-T2",9990, Доставим на дом по Новосибирску и Томску  Производитель: DOFFLER Наличие: Нет в наличии 
63,"Телевизор 32"" DOFFLER 32GH29",14990, Производитель: NNM Наличие: Нет в наличии 
64,"Телевизор 32"" DOFFLER 32ЕH29",13550, Производитель: DOFFLER Наличие: Нет в наличии 
65,"Телевизор 32"" DOFFLER 32ЕH46",12999, Доставим на дом по Новосибирску и Томску  Производитель: DOFFLER Наличие: Нет в наличии 
66,"Телевизор 32"" DOFFLER 32ЕH46WH",11990, Доставим на дом по Новосибирску и Томску  Производитель: NNM Наличие: Нет в наличии 
67,"Телевизор 32"" DOFFLER 32СH 15-T2",12490, Доставим на дом по Новосибирску и Томску  Производитель: DOFFLER Наличие: Нет в наличии 
68,"Телевизор 32"" DOFFLER 32СH 52-T2",12490, Доставим на дом по Новосибирску и Томску  Производитель: DOFFLER Наличие: Нет в наличии 
69,"Телевизор 32"" DOFFLER 32СH 53-T2 белый",13990, Доставим на дом по Новосибирску и Томску  Производитель: DOFFLER Наличие: Нет в наличии 
70,"Телевизор 32"" DOFFLER 32СH 59-T2",12990, Доставим на дом по Новосибирску и Томску  Производитель: DOFFLER Наличие: Нет в наличии 
71,"Телевизор 32"" HARPER 32R470T",11990, Доставим на дом по Новосибирску и Томску  Производитель: HARPER Наличие: Нет в наличии 
72,"Телевизор 32"" HYUNDAI H-LED32ET3011",12550, Производитель: NNM Наличие: Нет в наличии 
73,"Телевизор 32"" LEBEN LE-LED32 282-096",10990, Доставим на дом по Новосибирску и Томску  Производитель: LEBEN Наличие: Нет в наличии 
74,"Телевизор 32"" LG LCD 32LJ510",14990, Доставим на дом по Новосибирску и Томску  Производитель: LG Наличие: Нет в наличии 
75,"Телевизор 32"" LG LCD 32LН500D",19990, Доставим на дом по Новосибирску и Томску  Производитель: LG Наличие: Нет в наличии 
76,"Телевизор 32"" OLTO 32T20H",9990, Доставим на дом по Новосибирску и Томску  Производитель: OLTO Наличие: Нет в наличии 
77,"Телевизор 32"" PANASONIC TX-32GR300",13995, Доставим на дом по Новосибирску и Томску  Производитель: PANASONIC Наличие: Нет в наличии 
78,"Телевизор 32"" PHILIPS 32PHS5034/60",12990, Доставим на дом по Новосибирску и Томску  Производитель: Philips Наличие: Нет в наличии 
79,"Телевизор 32"" Samsung LED UE32J4000AKXRU",21900, Доставим на дом по Новосибирску и Томску  Производитель: Samsung Наличие: Нет в наличии 
80,"Телевизор 32"" Samsung LED UE32N4000AUXRU",21990, Доставим на дом по Новосибирску и Томску  Производитель: Samsung Наличие: Нет в наличии 
81,"Телевизор 32"" Smart TV BLACKTON BT32S01B",19990, Производитель: blackton Наличие: Нет в наличии 
82,"Телевизор 32"" SmartTV AМCV LE-32ZTHS17",10990, Доставим на дом по Новосибирску и Томску  Производитель: AMCV Наличие: Нет в наличии 
83,"Телевизор 32"" SmartTV AМCV LE-32ZTHS19",11990, Доставим на дом по Новосибирску и Томску  Производитель: AMCV Наличие: Нет в наличии 
84,"Телевизор 32"" SmartTV AМCV LE-32ZTHS21",10550, Доставим на дом по Новосибирску и Томску  Производитель: AMCV Наличие: Нет в наличии 
85,"Телевизор 32"" SmartTV AМCV LE-32ZTHS25",16990, Доставим на дом по Новосибирску и Томску  Производитель: AMCV Наличие: Нет в наличии 
86,"Телевизор 32"" SmartTV BQ32S04B V4",13990, Производитель: BQ Наличие: Нет в наличии 
87,"Телевизор 32"" SmartTV BQ32S08B",14990, Производитель: BQ Наличие: Нет в наличии 
88,"Телевизор 32"" SmartTV DOFFLER 32DHS 55 Wi-Fi",13990, Доставим на дом по Новосибирску и Томску  Производитель: DOFFLER Наличие: Нет в наличии 
89,"Телевизор 32"" SmartTV DOFFLER 32DHS 69 Wi-Fi",15990, Доставим на дом по Новосибирску и Томску  Производитель: DOFFLER Наличие: Нет в наличии 
90,"Телевизор 32"" SmartTV DOFFLER 32ЕHS 67 Wi-Fi",15990, Доставим на дом по Новосибирску и Томску  Производитель: DOFFLER Наличие: Нет в наличии 
91,"Телевизор 32"" SmartTV LG LCD 32LК615В",18995, Доставим на дом по Новосибирску и Томску  Производитель: NNM Наличие: Нет в наличии 
92,"Телевизор 32"" SmartTV LG LM570B",18550, Доставим на дом по Новосибирску и Томску  Производитель: LG Наличие: Нет в наличии 
93,"Телевизор 32"" SmartTV LG LM6390PLC Wi-Fi",22990, Доставим на дом по Новосибирску и Томску  Производитель: LG Наличие: Нет в наличии 
94,"Телевизор 32"" SmartTV PHILIPS 32PHS5813/60",15990, Доставим на дом по Новосибирску и Томску  Производитель: Philips Наличие: Нет в наличии 
95,"Телевизор 32"" SmartTV PHILIPS 32PHS6825/60",20990, Доставим на дом по Новосибирску и Томску  Производитель: Philips Наличие: Нет в наличии 
96,"Телевизор 32"" SmartTV PRESTIGIO PTV32SN04Z CIS ML",16990, Производитель: NNM Наличие: Нет в наличии 
97,"Телевизор 32"" SmartTV PRESTIGIO PTV32SS06Z CIS BK",16990, Производитель: PRESTIGIO Наличие: Нет в наличии 
98,"Телевизор 32"" SmartTV SAMSUNG UE32N4510AU",17000, Доставим на дом по Новосибирску и Томску  Производитель: Samsung Наличие: Нет в наличии 
99,"Телевизор 32"" SmartTV SAMSUNG UE32T5300AU",26990, Доставим на дом по Новосибирску и Томску  Производитель: NNM Наличие: Нет в наличии 
100,"Телевизор 32"" SmartTV SAMSUNG UE32TS4510AU",17990, Доставим на дом по Новосибирску и Томску  Производитель: NNM Наличие: Нет в наличии 
101,"Телевизор 32"" SmartTV SAMSUNG UE32Т4500AU",19890, Доставим на дом по Новосибирску и Томску  Производитель: Samsung Наличие: Нет в наличии 
102,"Телевизор 32"" SmartTV TELEFUNKEN TF32S50T2S",11890, Доставим на дом по Новосибирску и Томску  Производитель: TELEFUNKEN Наличие: Нет в наличии 
103,"Телевизор 32"" SmartTV XIAOMI L32M5-5ARU",26990, Доставим на дом по Новосибирску и Томску  Производитель: XIAOMI Наличие: Нет в наличии 
104,"Телевизор 32"" SmartTV XIAOMI MI LED TV P1 32",18990, Производитель: NNM Наличие: Нет в наличии 
105,"Телевизор 32"" STARWIND SW-LED32BA201",12990, Производитель: NNM Наличие: Нет в наличии 
106,"Телевизор 39"" AМCV LE-39ZTH07",12990, Доставим на дом по Новосибирску и Томску  Производитель: AMCV Наличие: Нет в наличии 
107,"Телевизор 39"" ECON EX-39HT006B",16990, Производитель: NNM Наличие: Нет в наличии 
108,"Телевизор 39"" ECON EX-39HT007B",15550, Производитель: NNM Наличие: Нет в наличии 
109,"Телевизор 39"" SmartTV AМCV LE-39ZTHS17",16990, Доставим на дом по Новосибирску и Томску  Производитель: AMCV Наличие: Нет в наличии 
110,"Телевизор 39"" SmartTV AМCV LE-39ZTHS21",16990, Доставим на дом по Новосибирску и Томску  Производитель: NNM Наличие: Нет в наличии 
111,"Телевизор 39"" SmartTV BQ39S07B",17990, Производитель: NNM Наличие: Нет в наличии 
112,"Телевизор 40"" AMCV LE-40ZTF11",16490, Доставим на дом по Новосибирску и Томску  Производитель: AMCV Наличие: Нет в наличии 
113,"Телевизор 40"" DOFFLER 40DF 46-T2",14990, Доставим на дом по Новосибирску и Томску  Производитель: DOFFLER Наличие: Нет в наличии 
114,"Телевизор 40"" DOFFLER 40EF 46",14990, Доставим на дом по Новосибирску и Томску  Производитель: NNM Наличие: Нет в наличии 
115,"Телевизор 40"" DOFFLER 40СF 15-T2",17995, Доставим на дом по Новосибирску и Томску  Производитель: DOFFLER Наличие: Нет в наличии 
116,"Телевизор 40"" SmartTV DOFFLER 40DFS69",19990, Доставим на дом по Новосибирску и Томску  Производитель: DOFFLER Наличие: Нет в наличии 
117,"Телевизор 40"" SmartTV DOFFLER 40GFS57",23990, Производитель: NNM Наличие: Нет в наличии 
118,"Телевизор 40"" SmartTV HYUNDAI H-LED40BS5003",19590, Производитель: NNM Наличие: Нет в наличии 
119,"Телевизор 42"" DOFFLER 42EF29",16995, Производитель: DOFFLER Наличие: Нет в наличии 
120,"Телевизор 42"" SmartTV BQ42S03B V4",19990, Производитель: BQ Наличие: Нет в наличии 
121,"Телевизор 43"" DOFFLER 43DF49-Т2",19990, Доставим на дом по Новосибирску и Томску  Производитель: DOFFLER Наличие: Нет в наличии 
122,"Телевизор 43"" OLTO 43T20H",17990, Доставим на дом по Новосибирску и Томску  Производитель: OLTO Наличие: Нет в наличии 
123,"Телевизор 43"" PHILIPS 43PFS5034/60",23990, Доставим на дом по Новосибирску и Томску  Производитель: Philips Наличие: Нет в наличии 
124,"Телевизор 43"" Smart TV HARPER 43F670TS",19590, Доставим на дом по Новосибирску и Томску  Производитель: HARPER Наличие: Нет в наличии 
125,"Телевизор 43"" Smart TV PHILIPS 43PFS5813/60",24990, Доставим на дом по Новосибирску и Томску  Производитель: Philips Наличие: Нет в наличии 
126,"Телевизор 43"" SmartTV 4К DOFFLER 43GUS86",27990, Доставим на дом по Новосибирску и Томску  Производитель: NNM Наличие: Нет в наличии 
127,"Телевизор 43"" SmartTV AMCV LE-43ZTFS17",16990, Доставим на дом по Новосибирску и Томску  Производитель: AMCV Наличие: Нет в наличии 
128,"Телевизор 43"" SmartTV AMCV LE-43ZTFS19",18890, Доставим на дом по Новосибирску и Томску  Производитель: AMCV Наличие: Нет в наличии 
129,"Телевизор 43"" SmartTV AMCV LE-43ZTFS21",17990, Доставим на дом по Новосибирску и Томску  Производитель: AMCV Наличие: Нет в наличии 
130,"Телевизор 43"" SmartTV AMCV LE-43ZTFS25",18990, Производитель: NNM Наличие: Нет в наличии 
131,"Телевизор 43"" SmartTV DOFFLER 43CFS71 Wi-Fi",22990, Доставим на дом по Новосибирску и Томску  Производитель: DOFFLER Наличие: Нет в наличии 
132,"Телевизор 43"" SmartTV DOFFLER 43DFS55 Wi-Fi",23990, Доставим на дом по Новосибирску и Томску  Производитель: DOFFLER Наличие: Нет в наличии 
133,"Телевизор 43"" SmartTV DOFFLER 43DFS69",30990, Доставим на дом по Новосибирску и Томску  Производитель: DOFFLER Наличие: Нет в наличии 
134,"Телевизор 43"" SmartTV DOFFLER 43DUS86",29900, Доставим на дом по Новосибирску и Томску  Производитель: DOFFLER Наличие: Нет в наличии 
135,"Телевизор 43"" SmartTV DOFFLER 43EFS 67",23990, Доставим на дом по Новосибирску и Томску  Производитель: DOFFLER Наличие: Нет в наличии 
136,"Телевизор 43"" SmartTV DOFFLER 43GUS86, 4К",22990, Доставим на дом по Новосибирску и Томску  Производитель: DOFFLER Наличие: Нет в наличии 
137,"Телевизор 43"" SmartTV LG 43LM5700",29990, Производитель: NNM Наличие: Нет в наличии 
138,"Телевизор 43"" SmartTV LG LK5990 PLE",25590, Доставим на дом по Новосибирску и Томску  Производитель: NNM Наличие: Нет в наличии 
139,"Телевизор 43"" SmartTV PHILIPS 43PFS6825/60",29999, Производитель: NNM Наличие: Нет в наличии 
140,"Телевизор 43"" SmartTV XIAOMI Mi TV 4S43 (L43M5-5ARU)",35995, Доставим на дом по Новосибирску и Томску  Производитель: XIAOMI Наличие: Нет в наличии 
141,"Телевизор 43"" SmartTV XIAOMI Mi TV 4А43 (L43M5-5ARUМ)",29990, Производитель: XIAOMI Наличие: Нет в наличии 
142,"Телевизор 49"" SmartTV DOFFLER 49CF71 Wi-Fi",24990, Доставим на дом по Новосибирску и Томску  Производитель: DOFFLER Наличие: Нет в наличии 
143,"Телевизор 50"" SmartTV BQ50S04B V4",27999, Производитель: BQ Наличие: Нет в наличии 
144,"Телевизор 50"" SmartTV DOFFLER 50DUS86",29900, Доставим на дом по Новосибирску и Томску  Производитель: DOFFLER Наличие: Нет в наличии 
145,"Телевизор 50"" SmartTV DOFFLER 50GUS86, 4К",33990, Доставим на дом по Новосибирску и Томску  Производитель: DOFFLER Наличие: Нет в наличии 
146,"Телевизор 50"" SmartTV PHILIPS 50PUS7505/60, 4K",39990, Доставим на дом по Новосибирску и Томску  Производитель: Philips Наличие: Нет в наличии 
147,"Телевизор 50"" SmartTV XIAOMI Mi TV 4S50, 4K",33999, Доставим на дом по Новосибирску и Томску  Производитель: XIAOMI Наличие: Нет в наличии 
148,"Телевизор 65"" SmartTV LG 65UN8000, 4К",59990, Доставим на дом по Новосибирску и Томску  Производитель: LG Наличие: Нет в наличии 
149,"Телевизор 40"" DOFFLER 40CF 59-T2",15190, Доставим на дом по Новосибирску и Томску  Производитель: DOFFLER Наличие: Нет в наличии 
